"","CT_ID_10","Guns_2020","PrivateConflict_2020","SocDis_2020","Violence_2020","NUM_REST","PRIVATENEGLECT","PUBLICDENIG_count","PropViol2020_rate","CodeViol2020_rate","AV_LAND_PER_SF.res","AV_LAND_PER_SF.nonres","Buildingpermit_totalcount","Type","ForBorn","White","Black","Hispanic","MedHouseIncome","HomeOwnPer","ListingsFreq.Clist","MedianRent.Clist","ListingsFreq.Airbnb","MedianRent.Airbnb"
"1",25025000100,1.31480090157776,8.07663410969196,3.56874530428249,14.0871525169046,21,98,249,1.87828700225394,403.831705484598,107.563882435576,23.241140807052,54,"I",0.285859959211421,0.57205982324949,0.0696804894629504,0.122365737593474,90980,0.24560546875,348,2400,778,100
"2",25025000201,1.25281884239539,6.01353044349787,1.00225507391631,6.26409421197695,12,92,82,2.50563768479078,295.665246805312,124.309235287573,7.28079720562362,25,"R",0.214060606060606,0.718545454545455,0.0453333333333333,0.0766060606060606,93583,0.27951499680919,276,2100,290,55
"3",25025000202,1.40449438202247,5.61797752808989,3.97940074906367,10.2996254681648,8,110,119,4.68164794007491,280.898876404494,114.536565723951,6.6438577557357,35,"R",0.213405066128671,0.601434655906747,0.0203990136740641,0.270567137413136,79783,0.304089709762533,300,1900,85,88
"4",25025000301,0.339443312966735,1.69721656483367,0.339443312966735,4.75220638153428,7,50,57,6.78886625933469,264.765784114053,77.058601596994,4.68277056348523,27,"R",0.171763175016265,0.664931685100846,0.0910865322055953,0.135653871177619,126845,0.339897260273973,309,2200,199,80
"5",25025000302,2.01787258575958,4.03574517151917,1.15307004900548,4.90054770827328,5,42,65,8.64802536754108,236.379360046123,73.0246495112043,1.05536343796363,29,"R",0.29852045256745,0.649550333623441,0.0435161009573542,0.10850014505367,101958,0.552469135802469,124,2100,259,88
"6",25025000401,0.702864171498858,2.10859251449657,2.10859251449657,3.33860481461957,7,88,187,3.51432085749429,356.70356703567,77.2160989014563,2.46649202032596,24,"R",0.331811797752809,0.683637640449438,0.034936797752809,0.0942766853932584,72739,0.101949025487256,412,2025,206,80
"7",25025000402,1.43102461362335,8.01373783629078,0.572409845449342,3.14825414997138,7,44,92,5.72409845449342,672.581568402976,88.3714673413769,10.947657202078,29,"I",0.182972972972973,0.716486486486486,0.012972972972973,0.100540540540541,94063,0.366519174041298,1267,2150,191,95
"8",25025000502,0.862663906142167,1.20772946859903,1.20772946859903,4.1407867494824,11,45,102,3.45065562456867,124.223602484472,23.3624733633238,8.3555132391602,21,"P",0.197292418772563,0.746931407942238,0.0232851985559567,0.105234657039711,65455,0.162162162162162,580,1795,242,120
"9",25025000503,0.996512207274539,1.49476831091181,0.49825610363727,5.48081714000997,0,50,21,0,413.552566018934,18.2546998632718,2.88282349755838,8,"R",0.258744609487302,0.728797316722568,0.0215620507906085,0.0459990416866315,74242,0.248796147672552,418,1950,157,120
"10",25025000504,2.62573217531812,4.24156736012927,1.61583518481115,8.28115532215714,10,95,185,0,383.760856392648,40.7621612331448,4.43099292679316,25,"R",0.295019157088123,0.676950998185118,0.0282314982859447,0.083887880621093,62148,0.185081771041085,593,2050,290,89
"11",25025000601,2.002002002002,9.50950950950951,2.5025025025025,7.75775775775776,18,136,185,2.5025025025025,355.355355355355,103.914673428723,20.4600522063214,24,"R",0.265402843601896,0.649025803054239,0.0300157977883096,0.0966298051606108,87500,0.315716272600835,417,2000,237,70
"12",25025000602,5.33672172808132,8.64040660736976,3.30368487928844,33.2909783989835,9,133,93,0,444.726810673443,77.1503288404366,12.8110877802066,19,"R",0.396584896584897,0.489177489177489,0.0531505531505531,0.199374699374699,40781,0.0611650485436893,478,1795,246,82
"13",25025000701,1.45924536168439,4.7946633312487,1.25078173858662,5.42005420054201,3,78,48,2.08463623097769,256.410256410256,55.9356951857076,4.67855822257891,23,"R",0.312728937728938,0.609661172161172,0.0835622710622711,0.104166666666667,67181,0.142050799623706,1049,1850,426,120
"14",25025000703,0.509424350483953,7.13194090677534,10.697911360163,17.8298522669384,29,108,82,0,804.890473764646,150.99726341604,71.8619323104271,17,"R",0.351980198019802,0.484158415841584,0.0405940594059406,0.131188118811881,43163,0.0546341463414634,675,1700,187,76
"15",25025000704,0.815328169588259,3.26131267835304,6.72645739910314,11.6184264166327,30,87,123,0,493.273542600897,42.6865940702516,14.5635911141601,17,"R",0.467576791808874,0.454564846416382,0.0614334470989761,0.112414675767918,63761,0.108296943231441,918,1850,392,85
"16",25025000802,1.95253829978973,6.4583959146891,5.40702913787924,15.4701111444878,52,162,302,3.00390507659958,1048.36287173325,119.655827272843,26.0752612670792,56,"I",0.359349350843158,0.535442471272944,0.048052529473213,0.162363826294583,60772,0.181379821958457,1746,2100,812,84
"17",25025000803,0.491803278688525,0.491803278688525,0.655737704918033,2.29508196721311,10,5,32,0,8.19672131147541,22.5408760747052,137.882149531193,9,"I",0.285714285714286,0.53691045796309,0.0695488721804511,0.120642515379357,54821,0.0058252427184466,13,1950,58,112
"18",25025010103,0.27196083763938,0.81588251291814,0.27196083763938,1.3598041881969,17,NA,NA,NA,NA,NA,NA,NA,NA,NA,NA,NA,NA,NA,NA,NA,NA,NA,NA
"19",25025010104,0.403469840629413,4.23643332660884,3.63122856566472,5.85031268912649,19,58,222,2.01734920314706,353.036110550736,40.4778400304394,50.5149431051519,36,"I",0.196243005595524,0.641087130295763,0.0353717026378897,0.0863309352517986,58750,0.245339747444378,258,2497.5,1373,192
"20",25025010203,3.34759159382555,10.4147294030128,7.99702436302771,18.5977310768086,55,60,162,0,182.257764552725,38.6843793899865,33.7543368663488,24,"I",0.333273766976412,0.509113652609006,0.0312723373838456,0.155646890636169,41544,0.0561521939245167,407,1895,2542,229
"21",25025010204,0.278396436525612,3.89755011135857,1.39198218262806,7.23830734966592,16,32,32,0,300.668151447661,48.7872266132673,110.954640372052,35,"I",0.242782152230971,0.637007874015748,0.0280839895013123,0.0824146981627297,41667,0.120857699805068,700,2100,1298,185
"22",25025010300,0.181818181818182,1.45454545454545,1.27272727272727,5.27272727272727,18,10,13,0,1.81818181818182,16.5618289748986,222.179035646638,23,"I",0.153242384601009,0.700056064287049,0.0543823584376752,0.0726966922070641,43313,0.0966542750929368,17,2350,82,112
"23",25025010403,1.75131348511384,5.60420315236427,11.9089316987741,25.569176882662,22,49,160,3.50262697022767,255.69176882662,55.1052500001093,109.053946550077,16,"I",0.367598982927715,0.507083181983291,0.106066109698511,0.163458045768253,31071,0.0465481171548117,101,2200,638,177
"24",25025010404,0.765843385027762,3.06337354011105,2.10606930882635,5.74382538770821,26,63,157,0,315.910396323952,110.329507653971,63.8069974801093,23,"I",0.26445959104187,0.539240506329114,0.0331061343719572,0.0880233690360273,26875,0.120064464141821,48,2379,308,111
"25",25025010405,0.662471016893011,0.828088771116264,1.65617754223253,9.1089764822789,15,43,73,0,77.8403444849288,41.9800820020476,105.371255634675,20,"I",0.195572569906791,0.574067909454061,0.0978695073235686,0.122336884154461,19000,0.0373493975903614,33,1950,177,150
"26",25025010408,0.718390804597701,3.59195402298851,3.59195402298851,10.0574712643678,1,20,24,0,316.091954022989,65.4968963515056,10.0104587311532,5,"I",0.312625250501002,0.561790247160989,0.124248496993988,0.12625250501002,66389,0.0965116279069767,96,1889.5,212,125
"27",25025010500,2.83929585462805,4.54287336740488,7.95002839295855,14.4804088586031,17,56,188,0,377.626348665531,233.934367371753,2845.71199520727,26,"I",0.375329622033402,0.559917960738353,0.0814532669205977,0.17814239671843,54278,0.0984354628422425,161,2100,1053,199
"28",25025010600,4.45151033386328,12.7186009538951,18.7599364069952,65.1828298887122,62,33,104,0,165.341812400636,70.8275616138746,105.283418672183,32,"I",0.238636363636364,0.660037878787879,0.0918560606060606,0.0527146464646465,89886,0.138277511961722,839,2795,1968,249
"29",25025010701,5.45171339563863,17.5233644859813,12.4610591900312,28.0373831775701,49,61,357,11.6822429906542,1129.28348909657,100.254067132306,454.063126331232,49,"R",0.186739404112463,0.752832563994964,0.0151070079731431,0.0998741082668905,117875,0.312453942520265,224,2412.5,1430,190
"30",25025010702,3.06513409961686,17.2413793103448,20.3065134099617,62.8352490421456,42,78,257,22.9885057471264,984.674329501916,96.0303011169415,377.344232630921,74,"R",0.0922838309422257,0.855370298565335,0.013183404420318,0.0589375727025979,163938,0.452565003513703,195,2350,780,163
"31",25025010801,0.677736360555744,1.69434090138936,0.338868180277872,1.69434090138936,1,19,111,16.9434090138936,345.645543883429,62.2746772025662,9.96262032187281,41,"R",0.207195203197868,0.836775483011326,0.0353097934710193,0.0639573617588274,123594,0.528490920475892,178,2390,604,200
"32",25025010802,0.643915003219575,3.86349001931745,2.5756600128783,3.21957501609787,2,54,399,9.65872504829363,817.77205408886,119.291437613606,23.2133195461409,44,"R",0.168622606547251,0.781346510191476,0.00494132180358246,0.110562075355158,131518,0.402625820568928,267,2200,1056,180
"33",25025020101,0.420964007577352,6.94590612502631,3.15723005683014,5.05156809092823,24,41,320,21.0482003788676,307.303725531467,1723.82945959704,160.861227055122,88,"R",0.158793969849246,0.861909547738693,0.0108542713567839,0.0615075376884422,118250,0.375730994152047,418,1995,1598,180
"34",25025020200,0.812787862367922,2.98022216201571,7.85694933622325,10.024383635871,13,48,570,75.8602004876727,891.357355730154,437.940356936218,58.4650937663443,46,"R",0.150111607142857,0.802455357142857,0.0234375,0.0594308035714286,94172,0.251055842327546,1026,2550,1735,155
"35",25025020301,1.85185185185185,3.7037037037037,7.87037037037037,37.962962962963,14,13,29,0,9.25925925925926,0.787769373313354,52.1962315403289,12,"D",0.332863849765258,0.607042253521127,0.0215962441314554,0.179342723004695,76563,0.214170692431562,75,2500,1753,249
"36",25025020302,1.02040816326531,10.2040816326531,24.4897959183673,41.8367346938776,9,7,106,51.0204081632653,846.938775510204,196.866007404119,48.5215397366592,25,"R",0.174471992653811,0.835629017447199,0,0.0560146923783287,145625,0.378571428571429,142,2495,907,150
"37",25025020303,2.78357689631176,5.56715379262352,9.27858965437254,52.6559962885641,43,21,131,2.31964741359313,30.1554163767107,1.52108948171679,68.3028719412035,38,"D",0.213856092670973,0.700155936734239,0.0928937402539541,0.101581644018712,106293,0.225820379965458,65,2890,1398,215
"38",25025030100,0.856898029134533,4.28449014567266,4.28449014567266,5.99828620394173,7,36,278,4.28449014567266,676.949443016281,412.873905289466,35.44534103325,19,"D",0.146678555506019,0.881854658938921,0,0.0936246098974588,102426,0.224085365853659,728,2595,679,140
"39",25025030200,1.65380374862183,11.5766262403528,7.71775082690187,11.0253583241455,15,39,311,5.51267916207277,926.130099228225,315.856507710146,2428.99331869869,19,"D",0.135280095351609,0.869487485101311,0.00715137067938021,0.0572109654350417,95703,0.195897435897436,250,2400,712,167
"40",25025030300,4.86048604860486,10.0810081008101,19.98199819982,58.1458145814581,212,108,391,5.4005400540054,239.423942394239,17.904742786868,3964.33800985632,92,"D",0.183743664011586,0.772085445329471,0.0662563359884142,0.0434467776973208,143153,0.314285714285714,322,3000,1528,180
"41",25025030400,0.368324125230203,6.99815837937385,12.8913443830571,16.2062615101289,62,35,370,18.4162062615101,777.163904235727,148.992123753017,225.085975769796,44,"D",0.0766267123287671,0.895119863013699,0.00642123287671233,0.0642123287671233,100281,0.161290322580645,305,2500,1026,169
"42",25025030500,0,6.02893890675241,2.81350482315113,2.81350482315113,11,32,244,44.2122186495177,635.048231511254,86.8461391228785,54.5053719751808,23,"D",0.133627608346709,0.868378812199037,0.000802568218298555,0.0634028892455859,117500,0.467948717948718,286,2400,771,195
"43",25025040100,1.62403572878603,3.65408038976857,3.24807145757207,5.68412505075112,8,17,68,8.12017864393017,442.549736094194,193.414578775512,11.808406882197,40,"R",0.155200655200655,0.935708435708436,0,0.0343980343980344,152917,0.528185328185328,67,2600,510,249
"44",25025040200,2.44857982370225,9.79431929480901,2.44857982370225,20.0783545543585,2,28,54,4.89715964740451,264.446620959843,259.261719812262,12.533567212168,15,"R",0.235443037974684,0.571645569620253,0.123544303797468,0.21873417721519,65500,0.429347826086957,18,2647.5,75,250
"45",25025040300,1.99423886549967,4.87480611566585,0.443164192333259,10.4143585198316,2,49,142,11.0791048083315,525.149567914912,258.962179171754,5.43110655104608,71,"R",0.10032154340836,0.781350482315113,0.047588424437299,0.109967845659164,140313,0.578422053231939,801,2750,621,180
"46",25025040401,1.69319336268202,3.04774805282763,3.04774805282763,12.1909922113105,12,19,98,3.38638672536404,382.661699966136,169.656342161894,24.3498501440744,33,"R",0.119433198380567,0.797570850202429,0.0263157894736842,0.062753036437247,120234,0.424943988050784,109,2400,306,200
"47",25025040600,0.979431929480901,6.85602350636631,4.57068233757754,13.3855697029056,9,45,391,13.0590923930787,728.044400914137,161.328286275534,14.6916015086139,64,"I",0.056259204712813,0.867452135493373,0.038880706921944,0.0391752577319588,142563,0.584058941728064,133,2600,900,150
"48",25025040801,0.91324200913242,7.07762557077626,2.05479452054794,18.4931506849315,17,45,68,0,41.0958904109589,1.66915530720782,10.5551653122293,21,"P",0.297819734771859,0.522364576309283,0.0770959766239604,0.191054169476287,54917,0.29248291571754,12,2750,219,250
"49",25025050101,2.15672178289001,9.88497483824587,1.25808770668584,11.3227893601725,1,73,162,7.18907260963336,176.132278936017,182.267432817325,5.8984002352769,32,"R",0.444130127298444,0.279526166902405,0.0228076379066478,0.607319660537482,51230,0.231777661248034,48,2275,426,105.5
"50",25025050200,1.94243333921949,6.35705456471835,7.06339396079816,13.5970333745365,23,74,167,7.06339396079816,301.960091824121,192.954968284116,29.7265076094652,49,"R",0.574829336600735,0.225275687029582,0.0227551199019779,0.6751269035533,60739,0.265395095367847,156,2200,577,93
"51",25025050300,5.22088353413655,10.8433734939759,14.0562248995984,38.5542168674699,10,30,70,12.0481927710843,305.220883534137,138.160495112429,73.3854651605335,23,"R",0.385301462718516,0.378879771673207,0.0834819835890118,0.425972172672137,26842,0.0690993788819876,200,2450,657,162
"52",25025050400,3.64077669902913,8.89967637540453,8.09061488673139,29.5307443365696,13,41,114,12.1359223300971,360.032362459547,178.687669737299,55.9539552632052,36,"R",0.498248686514886,0.437828371278459,0.010507880910683,0.502626970227671,67045,0.216733870967742,96,2000,429,99
"53",25025050500,0.850701829008932,6.80561463207146,0,6.38026371756699,0,29,83,4.25350914504466,387.069332199064,126.787209372249,15.0111638132443,18,"R",0.471027216856892,0.360842844600527,0.0408252853380158,0.545654082528534,58910,0.241743725231176,51,2200,275,88
"54",25025050600,2.82144296654575,29.8266827891979,10.0765820233777,20.9592906086256,19,54,125,12.0918984280532,519.951632406288,146.755602243472,87.02890351731,24,"R",0.541313986295848,0.303909713825071,0.0447400241837969,0.627569528415961,67841,0.153142857142857,68,2400,261,97
"55",25025050700,1.24821683309558,7.31098430813124,2.85306704707561,9.98573466476462,8,51,108,12.4821683309558,217.546362339515,204.954980649362,41.8512904917207,53,"R",0.621544497948992,0.25450329944712,0.00552880328161227,0.702693062243624,68384,0.229253731343284,112,2457.5,594,149
"56",25025050901,0.650477016478751,7.37207285342585,3.90286209887251,13.4431916738942,16,41,182,10.8412836079792,247.181266261925,168.894753950318,35.2628668027969,46,"R",0.55570089383039,0.227381730978853,0.00174405929801613,0.686941356006104,56141,0.274293590627154,78,2297.5,790,95
"57",25025051000,1.84766988298091,5.95360295627181,1.23177992198727,10.0595360295627,4,58,110,16.4237322931636,262.779716690618,121.308227216263,8.62415410471319,43,"R",0.35183223893243,0.463461131116289,0.027960177928405,0.412624443973734,54174,0.34084661902144,68,2400,274,124.5
"58",25025051101,0.664540138224349,4.51887293992557,1.86071238702818,12.227538543328,17,102,188,9.30356193514088,256.512493354599,98.4023320380365,8.08332095911547,67,"I",0.41459607128919,0.361909717705217,0.0286197476258618,0.540913230128789,69145,0.411888701517707,52,2200,732,90
"59",25025051200,0.691802144586648,4.49671393981321,2.42130750605327,8.30162573503978,3,98,170,6.91802144586648,356.278104462124,179.659561674447,7.4786731650916,36,"R",0.339268051434224,0.600725354434553,0.0194526871084735,0.324101549620837,83952,0.365413533834586,100,2300,671,150
"60",25025060101,0.857878181298256,5.14726908778953,2.85959393766085,5.14726908778953,4,67,137,2.85959393766085,274.521018015442,123.649801766539,3.98237656608519,38,"R",0.0409247940473027,0.961998405527505,0.00983258038798831,0.0143502524581451,132305,0.463524854744997,55,2400,292,125
"61",25025060200,0.871459694989107,1.74291938997821,1.74291938997821,3.05010893246187,1,39,106,13.0718954248366,331.154684095861,190.916826020034,4.11332786703747,27,"R",0.0361388492629577,0.965763195435093,0.00427960057061341,0.0233000475511175,140592,0.550387596899225,45,2650,153,189
"62",25025060301,0.27359781121751,2.7359781121751,4.10396716826265,9.57592339261286,11,65,128,10.9439124487004,268.12585499316,167.986145323838,20.1657400837753,55,"R",0.048969761841049,0.918383730264918,0.00428150923200428,0.0535188654000535,134792,0.506115317414094,470,2700,342,237.5
"63",25025060400,0.530879490355689,6.01663422403115,2.65439745177845,9.55583082640241,7,83,206,17.6959830118563,357.458856839497,211.979218186008,7.92399536953083,73,"R",0.0505158306652437,0.92244752757026,0.0208110992529349,0.0256136606189968,135750,0.47940074906367,125,2500,927,150
"64",25025060501,0.491279783836895,8.10611643330877,6.87791697371653,16.7035126504544,13,105,275,4.91279783836895,429.869810857283,98.906812697616,14.7314523520668,56,"R",0.0640150623676159,0.871263826782772,0.0101200282419393,0.0404801129677571,137554,0.50564001961746,144,2500,833,150
"65",25025060600,2.76166804750069,11.5990057995029,8.008837337752,27.892847279757,114,43,93,0,262.358464512566,37.9069014561402,865.932703477911,70,"I",0.142719846227775,0.824843825084094,0.0182604517059106,0.0285920230658337,155379,0.280030604437643,1175,3163,2485,236
"66",25025060700,6.88336520076482,6.11854684512428,3.05927342256214,17.5908221797323,0,17,15,0,22.9445506692161,0,159.362968510135,1,"R",0.410637465780211,0.109503324208056,0.322643723113023,0.448572545952288,18179,0,25,2550,64,180
"67",25025060800,1.62149640954366,9.49733611304146,8.57076673615937,13.6668983090109,11,135,242,4.63284688441047,938.15149409312,138.403387580435,21.508983345049,54,"R",0.109288453344695,0.82083510864934,0.000213037920749893,0.0549637835534725,124545,0.540627885503232,135,2600,808,155
"68",25025061000,4.95816547877285,5.88782150604276,7.43724821815928,22.0018593120545,4,32,42,0,158.041524635885,135.514167657494,8.72530666484341,14,"R",0.186827105763141,0.501583280557315,0.173527549081697,0.286890436985434,38056,0.20653685674548,20,2630,242,149
"69",25025061101,11.7391304347826,16.0869565217391,7.39130434782609,52.1739130434783,1,72,13,0,47.8260869565217,99.0859476359789,135.292848280684,5,"P",0.31409978308026,0.213449023861171,0.193058568329718,0.380043383947939,15576,0.00893655049151028,5,3000,23,115
"70",25025061200,4.13223140495868,14.9219467401286,47.7502295684114,46.3728191000918,37,114,246,0,727.731864095501,52.6191112225377,29.0989838133081,98,"I",0.129363001745201,0.835078534031414,0.0050174520069808,0.056500872600349,153869,0.473791141812271,152,2600,1472,144
"71",25025070101,5.93639575971731,18.3745583038869,29.8233215547703,90.1766784452297,259,70,409,5.65371024734982,490.459363957597,1.95891150076959,958.115306774256,146,"D",0.405587798623296,0.535564853556485,0.0179511405047915,0.092320151167499,85333,0.306388888888889,341,2800,7079,189
"72",25025070200,1.06723585912487,4.8025613660619,6.58128779793668,27.7481323372465,96,21,191,1.77872643187478,330.843116328709,107.894495418642,572.028230328183,38,"D",0.487437185929648,0.360878466406105,0.0429927414852038,0.0327563744649172,28646,0.129826524902071,458,2952,2910,199
"73",25025070300,1.34498991257566,9.41492938802959,8.96659941717104,13.2257341403273,45,58,496,24.6581483972204,477.471418964358,213.744109358256,43.3405720724097,83,"D",0.231011235955056,0.738876404494382,0.0139325842696629,0.0703370786516854,115887,0.470114942528736,186,2395,2479,145
"74",25025070402,0.417014178482068,9.1743119266055,15.8465387823186,27.9399499582986,13,32,53,0,104.253544620517,3.78659996366499,39.0875867179591,18,"D",0.454276194002221,0.333580155497964,0.123657904479822,0.0740466493891151,36333,0.0366568914956012,162,3005,558,195
"75",25025070500,5.18941359626362,8.3030617540218,10.0328662861097,15.9142016952084,32,68,538,10.3788271925272,349.420515481751,136.33045169051,29.1935586104776,58,"R",0.213931199726168,0.497860688002738,0.0693137087112785,0.218552113640253,62717,0.419512195121951,98,2600,1347,175
"76",25025070600,1.17233294255569,3.90777647518562,6.25244236029699,12.8956623681125,9,40,242,3.90777647518562,398.593200468933,431.134055105598,35.0916699390729,45,"R",0.0851063829787234,0.782416700120434,0.0489763147330389,0.0590124448012846,160750,0.672231985940246,117,2300,1056,150
"77",25025070700,2.19138056975895,6.93937180423667,9.13075237399562,25.5661066471877,27,61,184,3.65230094959825,405.405405405405,126.038035013313,41.1311414177888,25,"R",0.196935724962631,0.579222720478326,0.183482810164425,0.086322869955157,134085,0.377536231884058,67,2400,1021,150
"78",25025070800,2.79563880346659,9.50517193178641,10.9029913335197,19.8490355046128,9,98,344,0,696.114062063181,131.759964161671,17.8197743626682,43,"R",0.142896858493189,0.645537948290242,0.153739227133723,0.104253544620517,94653,0.324790537210448,132,2169,982,167
"79",25025070900,4.27198291206835,17.7999288002848,18.1559273762905,41.2958348166607,10,71,334,14.2399430402278,815.236739053044,80.8842819156653,32.0268805865953,36,"R",0.162196679438059,0.515644955300128,0.206257982120051,0.191570881226054,53000,0.359281437125749,225,2200,905,125
"80",25025071101,15.3846153846154,11.8881118881119,21.2121212121212,118.181818181818,23,115,384,13.986013986014,685.314685314685,58.5305998168202,40.8960229298036,38,"I",0.284673366834171,0.505025125628141,0.123869346733668,0.119346733668342,73995,0.387187941592087,1069,2890,797,160
"81",25025071201,5.35618639528656,7.23085163363685,9.37332619175147,45.5275843599357,15,28,60,8.03427959292983,45.5275843599357,11.9997335510651,46.5928093558075,24,"R",0.230748446365847,0.405295865982167,0.152121048365307,0.296406376654958,55179,0.310091743119266,78,3197.5,545,200
"82",25025080100,14.8698884758364,27.8810408921933,44.2379182156134,165.42750929368,23,107,184,18.5873605947955,1159.85130111524,60.7308611449118,27.1963078017511,45,"I",0.312113495816661,0.146962531829756,0.490360130956712,0.272462713714078,32258,0.240384615384615,79,1995,269,76
"83",25025080300,14.8396361895644,26.3283867879368,8.13786500718047,42.1254188606989,7,106,100,28.7218764959311,1225.46673049306,60.4795583877028,18.6600419328528,21,"R",0.205895691609977,0.0657596371882086,0.612698412698413,0.253061224489796,42617,0.256556442417332,19,2400,247,35
"84",25025080401,15.6202143950995,16.2327718223583,11.3323124042879,65.5436447166922,13,68,74,3.06278713629403,321.592649310873,37.1476472499536,60.3951755863929,32,"R",0.178618421052632,0.0855263157894737,0.413815789473684,0.453947368421053,18602,0.114575779550399,36,2850,182,110
"85",25025080500,6.84931506849315,6.84931506849315,8.40597758405978,36.1145703611457,3,50,69,0,186.799501867995,336.099061528675,73.5112519980478,15,"R",0.281111111111111,0.0672222222222222,0.398055555555556,0.423888888888889,30047,0.0428467683369644,26,2307.5,255,96.5
"86",25025080601,5.57440620455647,7.99806107610276,9.45225399903054,39.2632089190499,23,43,67,4.84730974309258,336.888027144935,91.3823683144152,129.33376352574,21,"R",0.199403281949279,0.364246643460965,0.268771755345599,0.146195922426653,17594,0.119453924914676,24,2400,285,225
"87",25025080801,7.52711976975869,5.09187513836617,3.98494576046048,17.2680982953288,4,36,18,0,11.0692937790569,17.3339759704191,147.647311652526,11,"I",0.23445180594144,0.277195982047446,0.235947852105151,0.363966659542637,20500,0,51,2900,232,75.5
"88",25025080900,2.710027100271,5.14905149051491,5.96205962059621,15.9891598915989,15,116,110,0,1168.0216802168,325.770920689331,78.5468621596374,24,"I",0.267707752370329,0.577523703290574,0.0588399330730619,0.106525376464027,61528,0.0468431771894094,199,1950,705,99
"89",25025081001,3.32847930101935,6.24089868941128,1.87226960682338,32.8687330975661,42,105,102,0,746.827543166216,161.081793884518,155.35547870677,45,"I",0.380819180819181,0.313486513486513,0.149450549450549,0.217382617382617,31917,0.0248337028824834,252,2000,641,99
"90",25025081100,2.69080234833659,5.38160469667319,1.22309197651663,12.9647749510763,4,101,109,9.78473581213307,591.976516634051,88.0379449977496,12.5077360905062,19,"R",0.295675413022352,0.539115646258503,0.1455296404276,0.131924198250729,57687,0.262823902696986,227,1995,2247,214
"91",25025081200,16.9213973799127,6.55021834061135,4.0938864628821,30.2947598253275,6,156,60,2.7292576419214,204.694323144105,117.357520848026,22.8291300417749,28,"R",0.294989224137931,0.188846982758621,0.328394396551724,0.435344827586207,24854,0.223350253807107,41,2500,807,85
"92",25025081300,11.0777318813368,7.51032669921142,14.0818625610214,37.1761171610965,4,100,82,7.51032669921142,311.678558017274,74.8577591128789,18.7555074878697,23,"R",0.289662231320369,0.110337768679632,0.391811668372569,0.443193449334698,16226,0.0757257046697518,56,2622.5,440,80
"93",25025081400,6.12036722203332,9.18055083304998,6.46038762325739,29.9217953077185,2,113,149,10.2006120367222,771.846310778647,87.9289360073383,38.6332210129838,31,"R",0.13953488372093,0.366279069767442,0.413132694938441,0.136114911080711,55909,0.392156862745098,571,2595,1996,116
"94",25025081500,8.40978593272171,11.4678899082569,1.52905198776758,17.2018348623853,2,65,47,3.82262996941896,458.715596330275,57.3390427931598,3.88065992601379,21,"R",0.173138582116138,0.126113288208051,0.550053437833986,0.244389027431421,36464,0.354669464847849,29,2750,532,80
"95",25025081700,19.7542760780535,11.0816670681763,4.81811611659841,33.7268128161889,2,92,94,14.4543483497952,481.811611659841,82.9145061546371,4.75271787219006,31,"R",0.254385964912281,0.0370927318295739,0.581203007518797,0.27593984962406,32183,0.186251468860164,37,1900,382,68
"96",25025081800,12.8976784178848,13.7575236457438,8.02522212668386,30.6678131269705,4,117,104,40.1261106334193,329.607337345944,71.8791443805775,14.1120606010048,45,"R",0.275151515151515,0.0633333333333333,0.503939393939394,0.359393939393939,30767,0.358600583090379,27,2400,775,38
"97",25025081900,18.3171150543789,16.5998855180309,1.14481969089868,30.6239267315398,1,86,77,22.8963938179737,329.135661133372,72.2087544156895,6.94316416520457,35,"R",0.378239740820734,0.0369870410367171,0.633099352051836,0.318034557235421,27745,0.136900625434329,19,2100,652,36
"98",25025082000,9.09357582868877,10.8536227632737,2.64007040187738,31.3875036667644,2,70,71,32.2675271340569,316.808448225286,62.3570041025127,15.0754899444664,43,"R",0.172756503946215,0.0467699503069278,0.674071908798597,0.248173048816136,43077,0.34219001610306,6,2350,121,68
"99",25025082100,10.6086956521739,9.04347826086956,2.60869565217391,26.2608695652174,11,136,70,15.6521739130435,443.478260869565,45.8538791092643,9.36710240086305,31,"R",0.374791597199066,0.0695231743914638,0.554184728242748,0.309603201067022,25125,0.13855150697256,10,1950,250,79
"100",25025090100,11.8492618492619,13.986013986014,4.66200466200466,31.2742812742813,8,174,139,31.0800310800311,271.950271950272,88.7963757138633,9.94452071584809,48,"R",0.396339037007561,0.0334261838440111,0.588539594110625,0.350576999602069,34195,0.168496158068057,8,2670,267,79
"101",25025090200,12.369540007731,21.2601468882876,8.89060688055663,48.3185156551991,8,73,56,23.1928875144956,324.700425202938,61.2748200904609,16.9037420993891,21,"R",0.355621805792164,0.0187393526405451,0.596678023850085,0.356899488926746,26755,0.192161820480405,22,1120,147,55
"102",25025090300,12.6837705390602,14.4133756125685,6.05361775727875,32.8624963966561,2,144,115,25.9440761026232,412.222542519458,67.5940564057049,13.7861291615414,37,"R",0.291760904684976,0.0458804523424879,0.596122778675283,0.348949919224556,30975,0.26302729528536,20,2450,15,80
"103",25025090400,5.78971746178786,12.2742010189903,4.86336266790181,33.8119499768411,7,97,70,4.63177396943029,646.132468735526,69.4332034541683,8.96502499210863,43,"R",0.483166515013649,0.014786169244768,0.52115559599636,0.416287534121929,38750,0.434716981132075,18,2500,247,75
"104",25025090600,6.15621392843401,10.7733743747595,9.23432089265102,18.8534051558292,4,52,56,7.69526741054252,1223.54751827626,59.509603356753,15.5747214575041,21,"I",0.422262773722628,0.0510948905109489,0.651459854014598,0.181021897810219,50117,0.36284289276808,26,2600,291,55
"105",25025090700,9.52626158599382,14.4181256436663,19.56745623069,50.9783728115345,17,197,258,7.72399588053553,713.182286302781,96.640474545323,18.7574986730512,56,"I",0.244971634863332,0.697008767405879,0.073233625580196,0.102114492006189,70346,0.315336013785181,169,2800,1408,100
"106",25025090901,1.05568751649512,1.3196093956189,1.3196093956189,10.820797044075,7,14,5,0,0,0,146.333905542314,6,"I",0.464002189980838,0.251847796331782,0.118806460443471,0.335888310977279,25662,0.00277777777777778,6,2300,85,68
"107",25025091001,4.38153016514998,13.8186720593192,12.8075497135153,23.9298955173576,11,51,96,13.4816312773846,262.891809908999,70.4894809330893,178.761717600572,38,"I",0.315136476426799,0.519673874512584,0.224034030485643,0.0446650124069479,94896,0.328878990348924,131,2300,1109,79
"108",25025091100,3.15258511979823,9.03741067675494,5.67465321563682,14.291719209752,6,159,154,10.5086170659941,435.056746532156,116.977895319091,6.2846982048977,47,"R",0.356371938563719,0.522000830220008,0.0726442507264425,0.087173100871731,84972,0.407123287671233,112,2800,1203,86
"109",25025091200,14.0888208269525,11.3323124042879,6.12557427258806,26.9525267993874,10,113,155,0,453.292496171516,99.056481817099,7.30840651233585,30,"R",0.320888888888889,0.387259259259259,0.25037037037037,0.175407407407407,87292,0.435070306038048,75,3000,407,75
"110",25025091300,13.2760640374854,9.76181179226865,8.59039437719641,37.4853572823116,10,63,37,0,593.518156969934,85.3283075028492,11.2175225857045,28,"R",0.400971599402093,0.0739910313901345,0.625186846038864,0.230941704035874,41020,0.285714285714286,48,3150,124,85
"111",25025091400,7.26698262243286,8.21484992101106,3.47551342812006,24.6445497630332,3,34,51,0,423.380726698262,57.4070636812592,16.6853750292929,24,"R",0.356658446362515,0.0761405672009864,0.481196054254007,0.374845869297164,45388,0.352284263959391,9,2450,102,100
"112",25025091500,5.3486529318542,9.7068145800317,2.37717908082409,18.026941362916,4,78,129,3.96196513470681,459.58795562599,82.1081526050772,3.44263282399647,36,"R",0.487480739599384,0.12904468412943,0.475731895223421,0.276194144838213,53651,0.465804066543438,34,2300,918,75
"113",25025091600,7.40502253702511,14.1661300708307,4.18544752092724,32.5177076625885,10,87,124,0,618.158403090792,81.5632540173724,12.550962690315,32,"R",0.406927808352218,0.185173195208805,0.308514082227258,0.167044350922629,47317,0.222611744084137,31,2200,313,52
"114",25025091700,14.0012445550716,11.5121344119477,7.4673304293715,25.5133789670193,5,96,95,15.556938394524,659.614187927816,112.430979867177,8.12053842865194,21,"R",0.473829201101928,0.0410162228344047,0.656259565350474,0.180899908172635,49800,0.299,23,2200,359,65
"115",25025091800,11.0544217687075,15.0226757369615,6.23582766439909,32.0294784580499,3,65,90,11.3378684807256,564.0589569161,88.7040067180519,10.0497237828841,38,"R",0.388376641519978,0.045822855546242,0.634814193908913,0.232187761944677,33784,0.253236245954693,23,2800,706,45
"116",25025091900,12.3986647591798,14.067715784454,5.0071530758226,36.480686695279,5,139,96,26.2279446828803,507.868383404864,76.8705481836592,7.26454244307897,25,"R",0.341651943462898,0.0479240282685512,0.600927561837456,0.314708480565371,54375,0.417461482024945,533,2300,224,50
"117",25025092000,9.16401720590986,10.2861417617356,4.48849822330279,28.2401346549467,9,99,152,5.61062277912848,379.652141387694,115.784977759263,7.20607426981128,35,"R",0.410912343470483,0.0776386404293381,0.568694096601073,0.210912343470483,57214,0.386389201349831,22,2300,370,71
"118",25025092101,5.15463917525773,11.4237949289496,6.68709947060462,30.3705767623293,19,179,186,4.17943716912789,530.788520479242,70.3528357766181,11.4429079982808,66,"R",0.423029640759459,0.276191777079634,0.213222237399262,0.10394754814916,56149,0.435813573180703,71,2195,431,100
"119",25025092200,22.8516253620856,8.36820083682008,10.2993241068555,37.3350498873511,10,64,104,9.65561635017702,588.992597360798,92.8459665178263,4.52647687063824,44,"R",0.350396099939062,0.242535039609994,0.367154174283973,0.15478366849482,71683,0.479828326180258,227,2000,695,75
"120",25025092300,12.6768867924528,16.8042452830189,4.12735849056604,33.0188679245283,5,116,74,8.84433962264151,539.504716981132,90.747541794431,7.22489691823982,41,"R",0.30932326459483,0.0415335463258786,0.640720302062155,0.280569270984606,55469,0.394167450611477,11,2500,150,75
"121",25025092400,11.2994350282486,12.520995571843,11.2994350282486,29.6228431821652,11,160,96,29.012062910368,377.156817834784,69.7431897055329,6.71291090849629,49,"R",0.245438952128489,0.00732886324653048,0.609231249025417,0.359893965382816,33591,0.220623501199041,16,2500,84,76
"122",25025100100,9.2436974789916,11.7647058823529,5.04201680672269,38.9355742296919,8,154,114,7.00280112044818,522.408963585434,65.2578853756978,6.57967379233162,49,"P",0.265506915727934,0.0213888492799087,0.69071723941252,0.253243975474119,28659,0.239673172945983,11,2475,35,55
"123",25025100200,7.84883720930233,6.1046511627907,3.77906976744186,31.6860465116279,2,84,48,26.1627906976744,412.790697674419,71.1678202268848,4.52382049913171,31,"R",0.266526442307692,0.0183293269230769,0.790564903846154,0.162560096153846,53269,0.394291754756871,7,2400,90,32
"124",25025100300,6.81928884559182,10.4724792985874,1.46127618119825,17.2917681441793,7,56,52,0,426.205552849489,72.2392912678343,4.62960442866747,32,"R",0.341602184797451,0.0302685480200273,0.792444242148384,0.0801092398725535,51645,0.437730287398674,9,2250,87,100
"125",25025100400,7.89058390320884,10.1700859196914,5.0850429598457,25.6005611081887,5,81,96,10.5207785376118,462.914255654918,92.1681958305617,4.06955648421706,61,"R",0.307450331125828,0.102814569536424,0.513576158940397,0.242549668874172,68194,0.454351308061933,21,2500,583,55
"126",25025100500,9.40801852655956,11.4343609784339,5.64481111593574,29.2372268056159,5,135,210,1.44738746562455,453.032276740483,80.1941895241805,8.38902204912874,66,"R",0.306960591876793,0.167899743318738,0.520157028536917,0.176506115053601,59913,0.397825101948346,37,2475,924,60
"127",25025100601,2.17464034794246,6.18936099029776,2.00736032117765,9.70224155235865,4,130,128,8.36400133824021,393.10806289729,85.805776065992,3.50768984508003,47,"R",0.350735643094447,0.362442651479196,0.30374940673944,0.0991931656383484,76593,0.404206675811614,45,2000,389,99
"128",25025100603,5.06842372022301,8.61632032437912,4.56158134820071,29.9036999493158,6,37,45,0,116.573745565129,50.7180189046695,7.09421836716072,21,"R",0.209728033472803,0.790794979079498,0.0784518828451883,0.0188284518828452,90893,0.616454229432213,19,2150,41,100
"129",25025100700,0.683526999316473,3.87331966279335,3.87331966279335,9.11369332421964,12,48,69,2.27842333105491,132.148553201185,94.4684464087842,5.99651309662133,51,"R",0.133786848072562,0.901133786848073,0.0249433106575964,0.00702947845804989,96250,0.54936974789916,31,1750,98,59
"130",25025100800,2.73889227023737,5.47778454047474,3.65185636031649,20.2373706634206,6,63,70,1.52160681679854,85.2099817407182,70.318230664143,5.44416135533756,65,"P",0.207223113964687,0.558747993579454,0.241091492776886,0.0797752808988764,89500,0.492123030757689,53,2095,295,59
"131",25025100900,3.73134328358209,8.56014047410009,2.19490781387182,17.1202809482002,11,73,106,15.3643546971027,305.092186128183,64.8194418284584,3.82823683932465,69,"R",0.269427839453459,0.216481639624253,0.518360375747225,0.10866780529462,86716,0.619442797866034,33,2225,560,70
"132",25025101001,8.69856139176982,8.02944128471061,5.01840080294413,26.5975242556039,7,101,105,6.69120107059217,344.596855135497,53.1415696106853,4.7079028140506,76,"R",0.364150315929498,0.0179580977718656,0.797638842700366,0.142833388759561,64185,0.422377622377622,39,2145,219,48
"133",25025101002,7.12089334843826,8.90111668554782,3.23676970383557,25.0849652047257,7,103,94,8.09192425958893,176.403948859039,68.098908796615,3.91609353403048,47,"R",0.344040828580006,0.0393275292704893,0.782047433203242,0.136145301711198,49947,0.335236541598695,4,2425,271,75
"134",25025101101,5.45454545454546,14.8051948051948,3.8961038961039,21.5584415584416,3,73,37,33.7662337662338,415.584415584416,82.2768438581868,4.0510911850707,36,"R",0.346881959910913,0.0105790645879733,0.8293429844098,0.148106904231626,50625,0.327402135231317,8,2350,157,72
"135",25025101102,13.042631886315,18.4932840179093,4.67198754136656,43.2158847576406,14,106,82,9.73330737784699,1047.30387385634,85.8595249151125,6.20980611078634,48,"R",0.380246913580247,0.0178537511870845,0.800759734093067,0.155745489078822,46080,0.206185567010309,10,2425,110,52
"136",25025110103,1.94990250487476,6.59967001649917,2.09989500524974,12.2993850307485,15,90,135,2.99985000749962,265.486725663717,63.6352310586023,6.22592586866486,57,"R",0.344098649442161,0.46080446271286,0.284057545507927,0.192014092777452,87214,0.48177426438296,284,2212.5,757,95
"137",25025110201,4.74683544303798,10.2848101265823,3.16455696202532,15.8227848101266,4,32,29,15.8227848101266,193.829113924051,59.0252939914862,9.38899029165914,23,"P",0.415153906866614,0.134175217048145,0.474743488555643,0.346882399368587,45250,0.448123620309051,15,2200,174,62
"138",25025110301,6.25,5.88235294117647,2.20588235294118,20.2205882352941,7,37,25,7.35294117647059,419.117647058823,63.1066592331009,4.13203031284843,33,"R",0.28539156626506,0.384789156626506,0.289909638554217,0.275978915662651,69563,0.730426164519326,47,2250,129,130
"139",25025110401,3.94366197183099,4.50704225352113,1.40845070422535,15.2112676056338,2,17,56,5.63380281690141,290.140845070423,68.0531891850454,3.66532161397574,35,"R",0.300499080640925,0.353296558970318,0.262936695560809,0.331231941161019,64494,0.437323943661972,60,2197.5,83,55
"140",25025110403,1.76522506619594,3.0891438658429,0.661959399823478,11.6946160635481,0,60,49,0,249.338040600176,65.7276441029297,0.683547452720065,50,"R",0.214095472239295,0.495390288875231,0.2099979512395,0.250153657037492,100833,0.666137566137566,9,1900,285,95
"141",25025110501,1.87265917602996,2.14018191546281,0,1.87265917602996,2,19,39,18.7265917602996,98.9834135901552,88.4801750594993,2.45491089083233,36,"R",0.152522601341499,0.829687955672208,0.0282881306503354,0.0959463400408282,94615,0.636554621848739,35,2100,236,70
"142",25025110502,4.2778569973518,4.48156447341617,1.83336728457934,8.14829904257486,22,35,93,6.11122428193115,230.18944795274,65.3521602276137,49.2351648757213,49,"R",0.293670886075949,0.480379746835443,0.107805907172996,0.314345991561181,98977,0.490815154994259,176,2000,544,75
"143",25025110601,1.34680134680135,2.35690235690236,0.336700336700337,2.35690235690236,2,14,11,0,67.3400673400673,76.9672025708634,0.913839707202176,34,"R",0.221554888221555,0.759092425759092,0.00800800800800801,0.105438772105439,107012,0.833587786259542,14,2250,102,134.5
"144",25025110607,1.1070110701107,1.8450184501845,1.4760147601476,4.61254612546125,9,42,85,1.8450184501845,142.066420664207,68.7198392177627,5.18559759112207,81,"R",0.13920704845815,0.819383259911894,0.013568281938326,0.0983259911894273,106222,0.675761709868122,77,2200,427,90
"145",25025120103,1.1983223487118,2.99580587177951,2.99580587177951,9.58657878969443,11,17,23,5.99161174355902,41.9412822049131,85.2241380796259,11.9816502671802,28,"R",0.181965442764579,0.785637149028078,0.0232181425485961,0.0745140388768898,160341,0.763227513227513,40,2687.5,456,173
"146",25025120104,0.904977375565611,4.52488687782806,0,6.78733031674208,2,25,50,9.04977375565611,81.447963800905,64.3079027953654,1.87777178495265,25,"R",0.178158458244111,0.736188436830835,0.0946466809421842,0.0993576017130621,100977,0.45322434150772,173,2725,397,125
"147",25025120105,1.10051357300073,0.366837857666911,0.366837857666911,8.80410858400587,0,11,16,0,44.0205429200293,71.2679289336026,0.676561864368221,36,"R",0.125,0.82826409495549,0.0415430267062315,0.0441394658753709,161473,0.899063475546306,10,2900,285,150
"148",25025120201,1.2758356723654,4.59300842051544,2.04133707578464,14.7996937994386,9,77,102,5.1033426894616,267.925491196734,51.2966944412716,11.4490305053674,31,"R",0.203207216236532,0.481834126785267,0.178401403157103,0.257579553996492,84321,0.331875341716785,212,2700,866,145
"149",25025120301,1.79533213644524,5.38599640933573,3.05206463195691,16.6965888689408,7,67,75,0,278.276481149013,69.0070491289245,8.17137823031796,57,"R",0.255726624108149,0.432594817874578,0.138753285767931,0.344348479158843,94362,0.411330049261084,221,2695,1338,82
"150",25025120400,1.53397760392698,2.76115968706857,1.84077312471238,16.7203558828041,17,73,113,6.13591041570793,92.0386562356189,62.5960592206498,6.68756856620263,71,"R",0.177699278144678,0.747350637382891,0.0422362156350791,0.106896022116418,103016,0.444142614601019,1343,2100,1350,130
"151",25025120500,4.61483848065318,3.19488817891374,1.41995030173944,13.1345402910898,8,51,59,0,326.588569400071,112.844364445752,10.4660187923334,22,"R",0.245614035087719,0.420350877192982,0.0631578947368421,0.419649122807018,84850,0.258358662613982,101,2750,365,95
"152",25025120600,1.22599100939926,2.86064568859828,0.81732733959951,7.76460972619534,7,42,41,4.08663669799755,290.151205557826,95.7053325741805,7.79543419354338,31,"R",0.136418029517351,0.653769445552453,0.0618268847227762,0.188671719186278,105968,0.548059149722736,99,2600,652,110
"153",25025120700,2.14408233276158,2.57289879931389,2.14408233276158,9.00514579759863,5,17,27,0,184.391080617496,77.167853130518,9.05520676251695,16,"R",0.280873829692376,0.594739188586714,0.0998662505572893,0.160945162728489,96711,0.620527306967985,122,2350,382,95
"154",25025130100,1.03489059727972,3.40035481963335,0.443524541691307,8.57480780603193,4,17,39,5.91366055588409,17.7409816676523,57.1108316102702,0.974479947708968,86,"P",0.203467019244895,0.77420302629646,0.0408403114441017,0.0567063317173498,112468,0.757891085674644,35,1995,272,100
"155",25025130200,0,1.69843366672957,0.943574259294206,11.5116059633893,20,21,60,0,62.2759011134176,86.4075774994036,8.1536809315427,90,"R",0.170911261440509,0.851372861122165,0.0264623955431755,0.0447672105053721,111808,0.679389312977099,26,2372.5,146,128
"156",25025130300,0.442575791104227,2.87674264217747,2.43416685107325,5.53219738880283,6,36,65,2.21287895552113,110.643947776057,82.0128084800875,3.99104059378251,83,"R",0.165843806104129,0.831912028725314,0.0486983842010772,0.0637342908438061,123241,0.763761467889908,114,1950,281,60
"157",25025130402,1.41872719902716,5.67490879610863,2.43210376976084,9.93109039319011,13,56,58,8.10701256586948,160.113498175922,64.2030730566708,3.31723379158284,67,"R",0.273834523309534,0.727635447291054,0.0239395212095758,0.102267954640907,73039,0.751649387370405,18,2075,273,80
"158",25025130404,0.872346612387322,3.48938644954929,1.16312881651643,9.59581273626054,4,20,38,2.90782204129107,125.036347775516,36.7210594182288,1.41260824466134,23,"R",0.258691809074838,0.570713022981732,0.172952268709487,0.139658220388922,69798,0.59002169197397,29,1500,141,44
"159",25025130406,1.73364854215918,3.94011032308905,0.630417651694247,13.5539795114263,5,71,40,0,88.2584712371946,48.0959421276352,4.46642592422535,22,"R",0.348948060486522,0.271367521367521,0.450525969756739,0.197896120973044,53265,0.217735550277118,6,2050,90,60
"160",25025140102,3.05700413594677,12.0481927710843,1.79823772702751,10.6096025894623,3,72,100,7.19295090811005,165.437870886531,47.522988224255,1.69166757465852,49,"R",0.31995154871085,0.301609274961066,0.457345561515833,0.17528984253331,98750,0.695865070729053,21,2000,26,45
"161",25025140105,0.98449421609648,6.89145951267536,1.72286487816884,7.62983017474772,4,49,44,2.4612355402412,327.34432685208,63.6066033158852,1.71891639185464,47,"R",0.264454745059771,0.298121493047085,0.280312271285679,0.396926079531593,93810,0.715107913669065,9,1975,119,51
"162",25025140106,9.1533180778032,5.03432494279176,0.91533180778032,10.9839816933638,3,16,8,0,45.766590389016,49.9462133834501,4.40853353069046,7,"R",0.418007829491083,0.171378860374076,0.487603305785124,0.309264897781644,32056,0.0912162162162162,12,2150,147,50
"163",25025140107,1.08932461873638,5.08351488743646,0.726216412490922,11.2563543936093,0,49,49,10.8932461873638,254.175744371823,54.9326725983198,1.44377214396374,37,"R",0.23592032967033,0.318337912087912,0.335164835164835,0.306662087912088,82750,0.628895184135977,12,2300,44,65
"164",25025140201,2.42424242424242,5.65656565656566,2.82828282828283,11.3131313131313,1,17,82,8.08080808080808,161.616161616162,54.6959373598965,6.20530662366828,21,"R",0.311328443357783,0.401385493072535,0.281173594132029,0.213528932355338,81063,0.448759439050701,2,2450,252,44
"165",25025140202,4.2747641509434,4.71698113207547,1.62146226415094,9.72877358490566,3,64,60,4.42216981132075,86.9693396226415,57.9350780592024,0.698133194991277,71,"R",0.273203375036369,0.307972068664533,0.317282513820192,0.276403840558627,77250,0.609819121447028,44,1675,296,75
"166",25025140300,5.71884559116904,9.0437558185929,2.925921000133,13.1666445005985,23,149,127,17.2895331826041,345.790663652081,49.4582778379371,11.6279760447688,83,"R",0.353290322580645,0.146451612903226,0.545548387096774,0.29741935483871,62056,0.452081696779262,103,1800,248,90
"167",25025140400,3.90581408324964,6.9188706617565,1.6739203213927,13.7261466354202,5,149,103,11.1594688092847,504.407990179667,57.1373738952677,1.33106172097336,103,"R",0.356448763250883,0.0651501766784452,0.681868374558304,0.218639575971731,62743,0.623164763458401,43,1800,322,70
"168",25025981100,0,0,0,0,0,6,2,0,42.5531914893617,1.37770098963402,14.8843802143811,3,"P",0.0882352941176471,0.217194570135747,0.432126696832579,0.32579185520362,44808,0.353448275862069,6,1200,60,78
